ID,Weight,Length,Width,Height,Error
1,0.980419942730108,2.06632534773818,3.00363877031482,0.102653728702123,False
2,0.983882192572478,1.98890059721997,2.91565651012511,0.105213285390156,True
3,1.03401583382679,1.97407771990209,2.97316677824683,0.097616915174626,False
4,1.00368729621046,2.0485674723906,3.01208412573929,0.10184983104386,False
5,0.887862577245294,1.94830583586043,2.97025136253228,0.105228781398899,False
6,1.02242206535758,2.06822586134682,3.01020596417242,0.105796249410103,False
7,0.963178047441022,1.98391678601417,2.95574007359924,0.103780486859547,False
8,0.995548550424893,1.99936195305864,3.07123307187452,0.09964405473113,False
9,1.08294329661576,2.04961249648503,3.01622430494142,0.097726572479987,False
10,0.982551994805928,2.05134987592355,2.97989973659893,0.102170108916775,False
11,1.07695949780235,1.94434857929038,3.01458192952983,0.094222376652885,False
12,0.977676949918318,1.91230893667149,3.00652624433032,0.099425383546616,False
13,0.993792566498076,1.97692170072624,3.00263964421634,0.084847592148558,True
14,0.958417902038433,1.9616434713579,3.04597482739846,0.10209607852643,False
15,0.971711709828532,1.9624505658038,2.98836277988354,0.10220554255068,False
16,0.944922413984965,1.9264735669362,3.00765854515956,0.101060561941471,False
17,0.991512736428877,2.09154854100715,3.00052338676854,0.10074234212145,False
18,0.931185779457543,1.91600629265298,2.99261865857776,0.099293655400674,False
19,1.09186366336964,1.95938800799597,2.98099362692673,0.095638262273384,False
20,0.897295124378063,2.11191445667614,2.94582622218792,0.102004441958863,True
21,1.11455858931743,1.97960000397453,3.01369222917572,0.094012020260698,False
22,1.09681036076381,2.0301756055142,3.0013002020428,0.096380535419432,False
23,1.06706515508191,2.01783787296327,2.99950677848253,0.101803146879708,False
24,1.05639833790476,1.99333600187334,2.9595716837091,0.103173170049045,False
25,1.00454554328109,2.0110228414179,3.00908124577277,0.092555123173493,False
26,0.985661370769248,1.94781744029241,3.00981671402549,0.102613281243604,False
27,1.05811625161237,2.04016942801112,2.97671801813704,0.103011896475288,False
28,0.993833593627755,2.10513788597049,3.07899630281905,0.103501795148842,True
29,1.09153242144484,2.13482988263033,3.05218062440266,0.101960169518581,True
30,0.963588100086434,1.98611481821721,3.01570343349361,0.097697205639818,False
31,1.03969921266722,1.94949157351506,2.98201058543127,0.097614480137955,False
32,0.985290969958385,2.046960502055,2.94871736008076,0.098437081237721,False
33,1.05077973813872,2.04425360678414,2.995413564579,0.092966449214188,False
34,1.03431587886071,1.87135083051412,2.97410108148486,0.100371822075996,True
35,0.995005851757897,1.95518386354652,3.03744332412111,0.101057766420799,False
36,1.01665701655172,1.89882932504743,3.02030933440479,0.099723231485439,True
37,1.01027925270534,2.02850609538326,2.98524479923554,0.097473868425575,False
38,0.999807099656502,2.00029926050321,2.96592062292986,0.096142034462379,False
39,0.9660185742009,2.00334640899242,3.01131841290981,0.098302683180551,False
40,1.03878761472881,2.05583959889747,2.99985826810537,0.09958175190232,False
41,0.935237211274328,1.93984541663087,3.00604891240667,0.104369965628079,False
42,1.03245471839997,2.05744822024605,3.01654834906881,0.093966012946962,False
43,1.12472373364265,2.05622407782852,3.04884294732083,0.102420058488416,True
44,1.00088201728514,2.0421672725948,3.05821808532328,0.102963119837372,False
45,1.04210467481252,1.98410133613747,3.05665482382897,0.106479517031112,False
46,0.951676130974301,2.0517230367357,3.03872338418165,0.105428953262632,False
47,1.02742603590961,1.93446764153033,3.01070340717985,0.090547760766155,False
48,0.86616492481792,2.04934898677765,3.00169370531547,0.094578590999732,True
49,0.974903919813141,1.99163193996595,3.00618088519567,0.104855286144553,False
50,1.0224715533881,1.89441517817349,2.97245610772609,0.09653282730624,True
51,1.08846914886612,1.9003195240426,2.98274797334966,0.095552381179107,False
52,1.07609251048156,2.06760724015394,2.96009327437252,0.096708403569614,False
53,1.12413202499077,1.99138185499352,2.99813568659151,0.096006078471944,True
54,1.00655032096639,2.05024527855964,2.95582775554276,0.100587615405031,False
55,1.02883337117115,1.92398114502452,3.02340865347028,0.09797472314852,False
56,0.939616590174911,1.93525318755689,2.98803131031315,0.097928381420169,False
57,1.07799240972145,1.96619320349271,2.98686943336808,0.104861337390552,False
58,0.948400899476918,1.93508033503252,3.00828257881836,0.097403974884312,False
59,0.990584956127924,2.03363087215075,3.02231765109749,0.10164288884855,False
60,1.07511873845337,2.03751750297381,2.99951733040662,0.104994878248724,False
61,1.02723938349175,2.06134638491262,3.01599086517786,0.104397478116251,False
62,1.05461022948941,1.93243189649466,3.0032818121189,0.100553486679821,False
63,1.02479295172202,1.98879667104639,3.01315338005823,0.10186227837961,False
64,1.09369121268906,1.95387821217149,3.00456294278923,0.096672609319237,False
65,0.91036213040596,2.05597701821389,3.01670521189348,0.105984613747563,False
66,1.03743724835909,2.02506720424714,3.02007238613456,0.096220986499407,False
67,0.976984397555038,1.97711609015368,2.97001904756766,0.105963849099614,False
68,1.06477397721729,1.93349865187812,3.040364837589,0.104051636739769,False
69,1.03305506871704,2.0172509099792,3.0310704823095,0.103260040786022,False
70,1.06987093049622,1.98999478829843,2.98197845878512,0.103714618052974,False
71,0.988896502753526,1.95712423906348,3.0040944375232,0.098861487700808,False
72,0.962817260184465,1.92688783031509,3.0011428829649,0.103314641502515,False
73,0.899479762239841,2.03115799253215,2.99079405787883,0.092276017997908,False
74,0.947114159976649,2.03298263489315,3.04643681929118,0.101672636372757,False
75,0.992747538312499,1.92718811942769,3.02631891366264,0.10141098174456,False
76,0.847623163301406,1.95796456660506,3.04984825376008,0.09933482631166,True
77,1.00274164880285,2.07743517157936,2.99270004712214,0.099124719449947,False
78,0.962374707408396,1.99956586785611,3.04039966605538,0.099817960352818,False
79,1.0494174168982,2.03991231500567,3.04428342279853,0.103273575714231,False
80,1.0597831534223,1.99701981844849,3.0162744380246,0.098830077599262,False
81,0.946472373443445,2.05202583725809,3.03747591713284,0.102721360117553,False
82,1.02082837651667,1.97798562753238,3.01035922134817,0.099425329346812,False
83,0.983829818424024,2.02294984695739,3.01447467078494,0.105834823195581,False
84,0.915913275398921,2.08970990135835,2.98005842951598,0.101111892122687,False
85,0.884477108847523,2.01917106784141,3.00712662429926,0.096552671071368,False
86,0.97032639091946,1.96977331370295,3.02433484593608,0.097963079686404,False
87,0.946558782487897,1.97653764858831,2.93759028043235,0.094078540728908,False
88,1.07224923300739,2.00110627022737,3.00203731169406,0.096728945957406,False
89,1.01441788947127,1.96449093957272,2.97159657496582,0.102383267840405,False
90,1.00573337524794,1.94202369789263,2.94097496117203,0.101577877118015,False
91,1.00153273282421,1.95517687215405,2.95437913183534,0.099787537681901,False
92,0.931009706109627,2.00901210963284,3.01869446669357,0.106031418112384,False
93,0.925676035156208,2.02718947022932,2.99383744716666,0.104908394892995,False
94,1.03570618496415,1.97136884814047,3.00614417194221,0.10552445758172,False
95,0.973265041442702,1.94631185069054,2.98138482050573,0.099608920907808,False
96,0.899200472092721,1.99668404113096,2.99260536789623,0.100167271779927,False
97,0.858018091880327,1.97617701817418,2.98117077646787,0.108715272665785,True
98,0.933780912761338,1.90338768344788,2.9969673429967,0.098299747910475,False
99,1.01091746483348,1.99019615062461,3.0107976109512,0.097698283554237,False
100,0.946565165996975,1.98373646806205,3.00927156175457,0.095127723123889,False
101,1.03888091253385,1.8928848224805,3.01498225889978,0.093828222435195,True
102,0.955114133189984,1.97302902627638,2.99328264057745,0.096253696230687,False
103,1.01039527318547,1.96792685446958,3.03056090620396,0.098248006728698,False
104,1.11148322588303,1.95259994123589,3.02011681403878,0.101515098348011,False
105,0.960239382106524,2.05832160902185,2.99305587089233,0.096244954266755,False
106,0.952031490089583,1.99245216877911,3.00328037624774,0.093826976039105,False
107,1.02784797239923,1.9324390339181,3.03831889651794,0.098520271516959,False
108,0.999186913098819,2.04600307298293,3.01935377278001,0.099563472030989,False
109,1.00224124768724,2.07688107816916,3.03103094562212,0.106674615486695,False
110,1.03565520869133,2.04653519659963,2.97164056562555,0.092997632699445,False
111,0.981701231848458,2.05570133670917,3.02465132603888,0.108895691079531,False
112,1.03753945298785,2.06014950003297,2.97348851640529,0.104559600404687,False
113,0.981702546163647,1.9446534712911,3.03805142899919,0.096074866750721,False
114,1.00956328827178,2.06503319371608,3.01516468055672,0.103045018884211,False
115,0.953473314719782,2.02676605580629,3.01198195272711,0.101816740287548,False
116,0.963924801592353,1.98923083868097,2.94269099751071,0.098168736245008,False
117,0.982036313441592,1.93366461702879,3.04236505080972,0.097076282648246,False
118,0.928753378272621,2.02208268919517,2.94100659833799,0.100913744389469,False
119,1.07288874211,2.02796368218335,3.06933637039986,0.093038706405612,False
120,0.934095843585312,1.956920687849,2.94372853400532,0.101869430109634,False
121,1.02897073113705,2.04798244830667,3.00101118870544,0.093224756205973,False
122,0.98475102648075,1.98835954815162,3.00795731685031,0.100918545597431,False
123,1.01131277290511,1.95934075087009,3.04259134949556,0.09903387812349,False
124,1.02710349863928,1.98381127392055,3.02348826488477,0.099056560401607,False
125,1.01858613360588,2.05587706762928,3.03599507558172,0.095646817989172,False
126,0.902022262443792,1.98040704733155,2.99442096353663,0.099053262247287,False
127,1.01992847869043,1.9843999051861,3.01736164083127,0.099127927478216,False
128,0.93671758582718,1.8788929166306,3.03110957058213,0.101697500816706,True
129,0.985891257854429,2.05633760383214,2.94553213195961,0.10129983569496,False
130,0.932220122697539,2.06501569460215,3.00710196190839,0.094804465566863,False
131,0.970997931181504,1.99580165625503,2.95888693334305,0.093670734540255,False
132,1.07657350706595,2.06483237968728,2.97156392763846,0.10390760482487,False
133,1.05813559710281,1.91674771849374,3.00631214939484,0.100029485467891,False
134,1.01214540394088,1.99477211941332,2.98146077290377,0.100181706413552,False
135,0.978107612567662,1.97154785413206,2.95168057565913,0.100236804255692,False
136,0.95185394498913,2.00169722696836,3.01275821738182,0.094102152911448,False
137,0.973995625628752,2.02323311182867,3.01004463812819,0.097458328844333,False
138,0.930742643099454,1.97808209349095,3.03847056625214,0.09640374907641,False
139,1.0405023314861,2.04605819284855,3.00243704592318,0.101184291003069,False
140,0.973922062178732,2.05656551542491,3.05830150508957,0.102720021107907,False
141,0.945960575018575,1.87876236440392,2.97092698258389,0.103935620125953,True
142,0.955790307145246,2.00018047023288,3.03712559926056,0.096688089633521,False
143,0.925586292474725,1.99800805434681,3.01050614086494,0.101568048320762,False
144,1.04044657768048,1.99541661577383,2.93974304579907,0.094610504318869,False
145,1.12447752901245,2.03272235611184,3.01924923116149,0.09834403010289,True
146,1.04271314066961,2.05986809980972,3.00038244162541,0.096532256656993,False
147,0.958779174882065,1.99969777211693,2.98220285459772,0.105056350231369,False
148,0.978447340613469,1.98412353170044,3.04971740337847,0.101040587522827,False
149,1.03676546165553,1.83371810936146,3.00225962065178,0.103768865744982,True
150,0.975232145982657,1.99099243191104,2.9832705506125,0.105339572872514,False
151,1.04968528592801,1.96295799282047,3.02949126961302,0.100492358520034,False
152,0.964338524416912,2.01510031123451,2.95964943327457,0.100294090157023,False
153,0.9757268131162,2.00946945839668,3.03177120110959,0.101275416724573,False
154,0.996144021441734,1.98456592072932,2.91550980528203,0.093410924774709,True
155,0.910885019952479,2.02001018275833,3.04280422490941,0.096161703078563,False
156,0.983634831308412,1.96619163523823,3.0151997631667,0.105172882977553,False
157,0.994665775573102,1.9774154078103,3.01159231333833,0.101473974537464,False
158,1.01880388084842,1.94437921930901,2.9818728730002,0.092832329103522,False
159,0.975652029388036,1.99223123689361,2.97113865244586,0.102615701683398,False
160,0.984058769998349,2.01326578124665,3.00446490152522,0.097153802561024,False
161,1.03957653540868,2.0214923284045,3.00685921202506,0.095613238865316,False
162,1.06365726155399,1.97740604937627,3.01307136100909,0.105967376357534,False
163,1.08418252264525,2.04604645009002,3.04055103238226,0.107077996282489,False
164,1.00180395032252,1.94685551671657,3.05372394377819,0.104138546088338,False
165,0.913367180231095,1.95510284134148,2.99416371149255,0.097911947201113,False
166,1.01974533819432,1.97569422260038,2.96560000482568,0.10184240268612,False
167,1.04840524126312,1.98483656594076,3.01765699951719,0.098241998174469,False
168,1.01067182221635,2.01970206675172,3.0068750082685,0.105694090765086,False
169,1.01795231243273,1.99771685568529,3.010805837058,0.09380904581878,False
170,1.02718253079628,1.90343415714041,2.94942970968912,0.09540430492076,False
171,1.0014448040144,2.02564326632696,3.04805169283372,0.098138348331486,False
172,1.04436449509979,2.01775420593134,3.03542631635875,0.102366132719544,False
173,0.954127255297996,2.0971563103584,2.99042707032204,0.102832115894071,False
174,1.05426842343799,1.97500310928802,3.04102842194589,0.10457255093257,False
175,1.01631119082026,2.02601131147286,2.97897029595371,0.096214724765883,False
176,1.01109957426324,2.02870956852882,2.98727847592149,0.103051492530758,False
177,0.945038291080005,2.00281775342171,2.99005089251484,0.104774202219867,False
178,1.08235256077387,2.00910643270435,2.99192815575857,0.093134614657426,False
179,0.951026740981875,2.05237623546538,2.98570672031906,0.103857347266075,False
180,0.970516035428055,2.0621688533444,2.96746669573236,0.103232766774768,False
181,0.964788218655597,2.00171912570747,2.95214122761102,0.096595869665712,False
182,1.00739123345444,2.0063445292564,2.98139029009747,0.106237630975657,False
183,0.979855398014443,1.99556886516244,2.95822706886012,0.098949108604891,False
184,0.962058634292902,2.07892799438056,3.06123178993807,0.095989564201142,False
185,1.00584093859677,1.98660663974162,2.97495997849823,0.097270315974908,False
186,0.953689074672724,2.05449443870425,3.0542590311956,0.099462732622989,False
187,1.00808625854889,1.97718297479941,2.9449636340506,0.103672968989353,False
188,0.979286577406493,1.97275653351764,2.97163683681232,0.101636413364868,False
189,1.00189533760307,1.92010597108931,2.99439519707138,0.100052863084511,False
190,1.00934810866895,2.08348367313564,2.95465713561122,0.101686076031758,False
191,1.06687125033459,1.99998967470839,3.05938440186821,0.102252649792333,False
192,1.00323003967278,1.95210070203855,3.02435238780161,0.098735281285311,False
193,1.01799380024874,2.00896516643521,2.95398113487674,0.101515953414226,False
194,0.993432210954651,1.97261066385556,2.99178685877648,0.104879647076675,False
195,1.06196270300818,1.98363746259737,2.99215815768475,0.095261595599748,False
196,1.03137105859798,2.01827510170758,2.96343380346991,0.103111332213089,False
197,0.999414889750021,1.94872210497682,2.98413658315849,0.098416174073725,False
198,1.05255754613622,1.92758675091731,3.04619337373562,0.101390999672292,False
199,1.01436542750778,2.00474275313318,2.97100874699895,0.093974494370714,False
200,0.986241124849395,2.10531687249003,3.00013428819412,0.107202449243112,True
201,0.93939710797695,1.97838826277314,2.98465343135438,0.102912122858456,False
202,0.994379054291716,2.08613776366657,3.01217789558082,0.096593542191845,False
203,0.965551135260964,2.02119825101459,3.00700966944154,0.09932786501697,False
204,0.945394130569949,2.03053870127424,3.02437925449673,0.097064435607299,False
205,1.03759131146338,1.9807459755654,3.04564516420633,0.101419941155941,False
206,1.03222479938811,2.0526093322634,2.99174934374059,0.097294307867821,False
207,0.979641310143222,1.93965703064661,2.95900879470218,0.099504499159469,False
208,0.948665845684775,2.0272791476584,3.00177022218446,0.098809970421124,False
209,0.984478049168206,2.00361732902681,3.0900446710677,0.102431766060129,True
210,1.05293653456611,1.98704001239659,2.98335866275504,0.099539225369391,False
211,0.995943103946892,2.09899509470547,3.01362054361945,0.098352031524409,False
212,0.997856307242856,2.06988754012035,2.96767076791343,0.100729752604141,False
213,0.982718504219951,2.00162803157383,2.96192170515704,0.096122300176244,False
214,1.08820800888237,2.00985814666681,2.96466568338051,0.09211403873235,False
215,0.9445282862543,2.0208713193175,2.99139400491453,0.109067388965009,False
216,0.908911505184456,1.93112206047078,2.91956297744128,0.105210972065312,True
217,1.01373122061603,1.96228917230212,2.99290085824258,0.10851921433123,False
218,0.936606209521429,1.99960844143775,2.96655204648807,0.091885275598934,False
219,0.982573647245239,2.03610530580514,3.01849819193848,0.100743693535553,False
220,1.03377296338678,1.9453193794294,3.01324098065763,0.098992498647291,False
221,1.0389155026274,1.94941503162027,3.0205377284986,0.103102715351624,False
222,1.05486680966611,1.96735910158607,2.97158307779376,0.098951618121251,False
223,1.05229850126687,1.97379339180986,3.04022826809402,0.096151154365483,False
224,0.977518985405267,1.98213042963111,3.03014712616918,0.096356530744768,False
225,0.977285822935948,1.95625060819227,3.01668511587739,0.106075239541087,False
226,1.06093484407092,2.01425650554654,2.97876743035109,0.093282641097072,False
227,1.08216860277488,2.00207789632308,3.00794132802413,0.104172398674957,False
228,0.993805878547058,2.03735083904247,2.96121660691918,0.107272581241775,False
229,1.05045113210635,2.00974655568492,2.9999199534462,0.10588303905014,False
230,1.05410363030111,1.98489081349338,2.9806464493088,0.095712127209337,False
231,0.965007779791318,2.03065182629147,2.98504839882011,0.100806296670958,False
232,1.0182041628719,2.05082152664164,2.98110369699852,0.101771522910271,False
233,0.997778265132054,2.02471621115075,3.00477405845356,0.102429865361304,False
234,0.881972835240687,2.08499579610617,2.99110206987589,0.090692774596221,False
235,1.01172725495616,2.01566257106,2.99138818752476,0.100962846669009,False
236,0.94232763057952,1.99400629347443,2.92645425142549,0.102044211051552,False
237,1.0240129430298,2.00198905588309,2.97209394986937,0.098848171551753,False
238,1.028906588709,2.03663188554261,2.9708039335875,0.098587909045924,False
239,0.966680910068758,1.96989000669426,2.99780741624405,0.103649970631485,False
240,1.1034845362388,2.0412940432337,2.94817136000273,0.100402064238924,False
241,0.976114334312788,2.01626303506178,3.00497230509664,0.093926254517327,False
242,0.974530347770883,1.98705974945181,2.99056685651736,0.099218616029916,False
243,1.00973284119469,2.00972473890021,2.97827213478326,0.103674130027256,False
244,1.02836609239983,2.03394996103704,2.9830810971688,0.099873010761478,False
245,0.968906759242924,2.04478014355854,3.01860227849888,0.101842097638813,False
246,0.972322353469422,2.04955544589418,3.00494405926118,0.098434275133781,False
247,1.00013922189992,2.03138058399705,3.00293379415669,0.103162823902304,False
248,1.13100391860511,1.95472153226763,3.04651949154262,0.097978842647866,True
249,0.995861488146363,2.04047480290977,2.97462076103155,0.105635289419808,False
250,0.975940414554598,1.98968982466067,3.00152700974194,0.097034441395419,False
251,1.01145294945102,1.91970176900248,2.98643480737112,0.097701997403798,False
252,1.033986456107,1.99534245604184,3.07715743402347,0.103714640768269,False
253,0.930587713791319,2.0813259102485,2.99644974731475,0.102416348119697,False
254,0.990925443805856,2.04097794533714,3.02841577770867,0.093972784672774,False
255,1.01289755709023,2.06512578736694,3.01889796936713,0.097091232929922,False
256,1.04845360831075,1.99931929689093,3.0311403740551,0.101673419863556,False
257,0.920817875734297,2.02733950620885,3.0017525046295,0.098219327883321,False
258,1.0286608349975,1.9715037474595,2.98017537903041,0.107434409074814,False
259,0.933684834264886,1.93978490137055,2.99234146029744,0.100693274039654,False
260,1.01004842797409,2.0894287133545,2.98769555530939,0.101924203012424,False
261,0.985342621211162,1.97934811219096,2.99884407040113,0.098615315612109,False
262,1.01022192974552,1.96811402386325,2.98985265371293,0.095788491885315,False
263,1.02397573640991,1.87475722980216,3.0126494148049,0.102375105320376,True
264,0.984585503986074,1.99277584940542,2.9891371620085,0.10133561666324,False
265,0.955266053137066,1.98378111128668,2.99005981865318,0.1013378972751,False
266,1.02543836880477,1.95524267224154,2.97340350086047,0.102080362703448,False
267,0.978394012944964,2.03113825591668,3.00504010026696,0.09433888250735,False
268,0.889127906987715,1.96536559019436,3.0200075926538,0.106772462315382,False
269,0.966121805475178,2.06687217281592,2.95597751546135,0.098465817834443,False
270,1.01361660827103,1.9964824026015,3.03935838958429,0.094912810631449,False
271,1.05133043415254,1.97243636753879,2.99460451317193,0.092474478959036,False
272,0.937815240715641,2.00101849907014,3.01393573639265,0.107413605328146,False
273,1.01927516825368,2.04860443457935,3.00479698303213,0.108560481697674,False
274,1.04486717621226,1.95411083307753,2.93768100082903,0.100287452642665,False
275,1.06183758437245,2.09309904665233,2.94974430415697,0.100830371353847,False
276,1.05683768796464,1.96668288283404,3.0273639866552,0.105191868889984,False
277,0.920642243534569,2.03967339817174,3.03053738658012,0.096849140515792,False
278,1.00412286513477,1.95475916320633,3.01813682292937,0.098723969205393,False
279,0.982211753487409,2.03465029075378,2.97375726498592,0.101227668119057,False
280,1.04151559021985,2.01018545214875,3.02562420860342,0.10020703244541,False
281,0.992242389383584,1.96195599510762,3.02193922439636,0.103320133003072,False
282,1.04819663093872,1.97880364235474,2.9687083729315,0.104649624146309,False
283,1.01395401682396,1.99446701842193,2.92375950001168,0.100967447106117,False
284,0.987986225142945,1.97749908640266,3.0162070926011,0.101289770850645,False
285,1.00716302001624,1.97409027111996,2.99300568365958,0.091863198235385,False
286,1.02949604804295,1.96030281108601,3.05862927939639,0.097951648381283,False
287,1.02421618571256,2.00420968269565,3.02229516142043,0.103152539041108,False
288,1.00251067160534,1.98071932476247,3.02068624973067,0.103650996742214,False
289,0.928710994570081,1.99321603016648,2.97614211137597,0.098901043798641,False
290,1.08350095991242,1.96044633827168,2.96289513414922,0.097483142132331,False
291,1.03535412647223,1.98788850969046,2.9762143642447,0.101670289417029,False
292,0.947359508520406,2.01875132248294,2.94375315385409,0.100079100654534,False
293,0.936402858566202,2.04437669094664,3.0287591636122,0.096422116586501,False
294,1.04040582919399,1.96837143606102,2.99102930683475,0.097209058067293,False
295,0.939257852235162,2.03854340017967,2.97548835748015,0.099211155801701,False
296,1.02103794636056,2.01730360583668,3.01599031530325,0.09968615054763,False
297,0.998418221097859,2.06137043995132,3.02789613237871,0.097805804344866,False
298,1.00722777431584,1.92354492101765,3.02305060559813,0.098908685889407,False
299,0.991245387521139,2.03668737871572,3.0262254409617,0.099205446137758,False
300,0.980413388189959,2.04181379377048,3.04354936209033,0.102130370513665,False
301,1.00912280783975,1.9445406550166,3.01409889707916,0.103044067712436,False
302,0.939096289563553,1.95797209710328,3.02358455483088,0.09790778234806,False
303,1.02907850339536,2.08850433092375,2.98567601095581,0.094584572306146,False
304,1.05224042342658,2.07726566176512,3.00113864537043,0.102230921818014,False
305,0.967736600887898,2.03113650372884,3.01951228387165,0.102061262903255,False
306,0.950613229250504,1.93063699634337,3.00584166678327,0.108385491167988,False
307,0.980167513114812,1.99767904077866,3.02708337063347,0.087085984142896,True
308,1.09551229238133,2.01984199031404,3.01397150324415,0.103285516865743,False
309,1.01175319777292,1.92452986271334,2.9510460325632,0.097827765213668,False
310,1.04435187886299,2.04422027760761,2.98484591662271,0.093623991245055,False
311,1.00965015654556,1.99046570686334,2.99177408037301,0.097476453440488,False
312,1.03413565815703,1.97494217389348,2.98765675129034,0.104279801516847,False
313,1.01274147388835,2.07109824750372,2.97473755956085,0.100239360285284,False
314,0.964259337702591,2.00695187474409,2.94903425204944,0.101717121253502,False
315,0.975720345072063,2.06411352944644,2.95878793874737,0.098895257622003,False
316,0.965939412237784,2.03822922435626,3.04144737803904,0.100548868647726,False
317,0.998403563167083,2.01305442302923,2.97525532336511,0.098553651429958,False
318,1.05252564993041,1.94812733717863,3.04158887724979,0.103264679982661,False
319,1.00753008623819,2.02253951146776,2.96913034501756,0.098462385775476,False
320,0.955421329409616,1.99458548640927,2.96617936406284,0.09848924985351,False
321,1.03020880633186,1.9745060625044,2.95661140676209,0.100370088418112,False
322,1.02121353097493,2.03434778131376,3.07980947773088,0.10205197278632,False
323,0.978599266916667,2.02013313031815,2.96075637911788,0.103386316887288,False
324,0.952120855575821,2.0530538329258,3.05046808249333,0.099572796330875,False
325,0.979047824862339,1.97280414569243,2.9799643940965,0.101207182213574,False
326,1.02291640952277,2.03415616690658,2.9956216048735,0.108333238691107,False
327,0.957565801200344,1.99735406734091,2.9960960048299,0.104037807694897,False
328,0.94472343882678,1.9812815158615,3.03990706184863,0.097747678739843,False
329,0.941736640424726,1.90014881815952,2.99942950317792,0.095646964791941,False
330,0.913318920211127,1.95853647668686,3.00855255658026,0.096490616726409,False
331,1.04395270750624,2.08388079017851,2.98726680200591,0.09595760168887,False
332,1.01565638144534,1.99725170122025,3.00203296368142,0.101578915367139,False
333,0.994362878606824,1.91387470717051,3.00468955786759,0.10005409629175,False
334,0.93405769845998,2.0251023756796,2.96062601111309,0.09824693251922,False
335,1.07997405716812,1.99092178404577,2.97960906077225,0.102031976540082,False
336,1.02695425516963,2.01221666933377,3.00448317318228,0.096465126653969,False
337,0.986568365941041,2.06795157938689,2.98327956039964,0.102381088046343,False
338,0.913092908594796,1.91434866547446,2.98692479054005,0.094058718039553,False
339,1.0069844268218,1.93184523580312,2.96893540915779,0.096583107864355,False
340,0.992512742958532,1.97887666217624,3.03245803237821,0.104021876334085,False
341,1.03976951650516,2.0081204761222,2.97550986845414,0.094300673611744,False
342,0.905567426950348,2.04891619970018,3.01618257029642,0.092764216414962,False
343,0.991119437307919,1.98642161508583,2.97067549429376,0.103615227802459,False
344,0.990015277477916,1.95086783016961,2.93815873917261,0.105205825164752,False
345,1.02548938672942,2.05041026699123,3.02471312042017,0.1003976339135,False
346,0.946956577067452,1.97121624890054,2.99872869571223,0.093711199039337,False
347,0.987933325878397,2.05439142236482,3.02417281708308,0.101265386788589,False
348,0.971137507185126,2.01666900460521,3.01680760985172,0.097393059745155,False
349,1.01094734277248,1.99289022553137,3.02272807881839,0.105124160942633,False
350,0.979437068301297,2.01511370836611,3.01078751717499,0.099701422108275,False
351,0.972934484232928,1.96503977209332,2.96347380175287,0.103598129362449,False
352,1.0328733352322,1.968590069465,3.0336594395966,0.107605571922523,False
353,1.03563722679694,1.99872764458261,2.98463314325423,0.10756569566504,False
354,0.961562147671162,2.01739585865947,2.98815201970207,0.104533132565242,False
355,0.984975004645315,2.02787459808866,3.02752482517711,0.104038759643523,False
356,1.06128474440943,1.98403689975638,2.94552382683135,0.096715140703026,False
357,1.03208009987959,2.0194136871012,3.03436749353483,0.100208292829982,False
358,0.94733934302982,2.00214855112213,2.95401294220049,0.100273145181723,False
359,1.06638458254135,1.98837466060244,2.98891762812863,0.099688069612647,False
360,0.941412819179254,2.06352186501217,2.96686041761511,0.102767446866144,False
361,1.05105193558217,1.97926117464017,3.08543461546603,0.09529333593846,True
362,1.02802708652593,1.90209863538137,2.99337794442302,0.098109214744123,False
363,1.02543718180578,2.00901215822843,3.01018855966819,0.096193764703366,False
364,0.984985453087591,2.03401840774553,3.03604609243991,0.105494195494186,False
365,0.965836632336929,1.90622554500746,2.99582081018244,0.100769362158428,False
366,0.953362950529606,2.00840022487984,2.99012292466319,0.099352873725313,False
367,1.00367897522218,1.93778926898831,2.99994670113903,0.102408545705251,False
368,0.977228436874267,1.96849691391896,3.01437567324589,0.102950531972576,False
369,1.08084238205943,2.03419015717314,3.00616146190661,0.09986817197714,False
370,0.949161766022709,2.00949349577253,2.98247976900807,0.092528663182424,False
371,1.0018416151262,2.01790560800951,3.0013030277508,0.098845597680286,False
372,0.978628805846625,2.03740911645227,3.01036069330201,0.098139082969196,False
373,0.991067121794679,2.00138513752827,3.0154440698414,0.099637233792792,False
374,0.989415382319672,2.00406090496616,2.99305648543824,0.097879796501029,False
375,1.03758395853202,2.06956220602434,2.95885050522065,0.09685618104282,False
376,0.974767486505626,1.95117978657357,2.98871924907607,0.099371579446047,False
377,0.991809201390974,1.98610300571122,2.9676155705632,0.105098369770768,False
378,1.13076601968872,1.97936312863161,3.02047709936399,0.099945697655993,True
379,1.0288457295225,2.06014279284201,3.04297713253181,0.09512568287212,False
380,0.912023093311835,2.01208048313863,2.96077084511258,0.094129011840816,False
381,0.957266294860962,1.98534718246783,2.99786127281622,0.103401676867455,False
382,1.06035886631641,1.9782820271292,3.03426672561992,0.102561180123027,False
383,1.09810619331402,2.03369973227684,2.98628778448531,0.101078792689514,False
384,0.902853181359967,2.01603685771433,3.00886564536377,0.100977637452489,False
385,1.04704152203271,2.02582832298678,3.02864414436323,0.100365693680588,False
386,1.05775747728704,2.07482746154894,3.00677114840348,0.095948608360611,False
387,1.0809984093936,2.01374429425605,2.95217747623543,0.097060108682537,False
388,1.1109492551138,1.95469269778944,2.98077956531154,0.096874203717168,False
389,0.983675900086723,2.01705473208937,2.98536631096362,0.101968490786429,False
390,0.973811117652171,2.02055243698842,3.01179760648669,0.095183654229982,False
391,1.14900032991109,2.05004647845642,2.95513693706619,0.099670426350231,True
392,1.02249695393638,1.98807972704825,3.01359488916893,0.095564483168152,False
393,1.09487379543707,2.01479981070919,2.96461201930182,0.098617404836127,False
394,0.971747796512242,2.01132157785011,2.96537444789565,0.102547934557033,False
395,1.02110772938942,1.94733944999969,3.03953805796789,0.106332097869009,False
396,0.895306393099845,2.02593645847952,3.01931594469459,0.104711523047096,False
397,1.00038816494343,2.04286580954555,2.93663683121714,0.094777162732755,False
398,0.985201670562871,2.02475692360958,3.04104104816399,0.096836759728532,False
399,1.07383618348131,2.11355100068436,2.9831524927112,0.098298397529299,True
400,1.0180610870664,1.95895797264094,3.01173253056273,0.098361337843756,False
401,0.923360077839522,2.02475255419702,2.98979941970934,0.097798171150986,False
402,1.04613462031896,2.04206491384618,2.97538219774178,0.103901949231963,False
403,1.03673290042998,2.00366789780836,3.04364651209709,0.100848824806251,False
404,0.993724000837301,2.03386460263861,2.97700584047288,0.102307186496191,False
405,1.07291839764601,1.96835729496952,2.992581466714,0.104070499511378,False
406,0.999341914067161,1.95307730697191,3.01883952725636,0.098394909944787,False
407,0.969051807862049,1.94406882186989,3.04044061491709,0.1013208723344,False
408,0.949342099090818,2.00927272555371,3.00806687508408,0.098504820473281,False
409,0.989263908902272,2.05978241757597,3.00170166385012,0.100631641726086,False
410,1.02601054557265,1.88187171680744,2.95020725201545,0.103978987953772,True
411,1.01640859304507,1.96663158039155,2.99066612905125,0.099733841627883,False
412,0.896514229446493,1.98147117298284,2.95438041891362,0.095230090446732,False
413,1.03831355527532,1.9990931581618,2.97943568171014,0.095012656978066,False
414,0.963448175404604,2.03688121961357,3.07647487295818,0.0994867349754,False
415,1.04407065357162,1.96873929733513,2.99703991342731,0.102800752232753,False
416,0.96828991364639,1.87851323129342,2.98344391589372,0.106236576186704,True
417,1.00326716962237,1.94252292174495,2.99826694172379,0.095695606492226,False
418,1.03314276639334,2.01028288829095,2.9321007791645,0.101782575272881,False
419,1.02043982723498,2.03970384782142,3.00089707470815,0.102269076796356,False
420,0.963709284795789,1.99374952950504,3.00998181440685,0.100297667935568,False
421,0.99646481743846,1.95364753567708,3.0368978378136,0.098044254603671,False
422,0.997272085576229,1.96729644387373,3.02264775996675,0.093530365697867,False
423,1.01528721996005,1.99709282277785,2.99345421399492,0.105082740820698,False
424,0.989111462515514,2.04313127753992,3.07017165439082,0.102476947653377,False
425,1.03140348016892,1.95767338934951,3.01330571165434,0.099914109381759,False
426,0.990973888507581,2.05914098262132,2.99902556179022,0.097277489437415,False
427,1.00202348571991,1.98053499156611,2.99005110326982,0.096925720830893,False
428,0.981918133337746,2.001100135532,3.01676351315141,0.103838883754668,False
429,1.0289243243784,2.01557220314191,3.02181466144773,0.103898779483759,False
430,0.964248717315363,1.9740513514844,2.98605378367556,0.097016141803287,False
431,0.991757306554776,2.01640201436918,3.02215902376625,0.100248928727726,False
432,0.974695827436195,1.91270459585656,3.00069279861494,0.099310128586566,False
433,1.03026738531282,2.00488472194552,3.00970325504362,0.097430183503048,False
434,1.09568233370216,1.97164189836951,3.01646982881506,0.106187466133474,False
435,0.902844012096889,1.96100250425458,2.99306291214736,0.100920071680437,False
436,1.13696654579315,1.9063413395662,2.98315610112265,0.094745727163402,True
437,1.06888435214901,2.01410908780351,2.96344329268033,0.106535427046392,False
438,1.028012537794,1.97016784166121,3.03524285941281,0.10175240398603,False
439,1.03070646914925,1.97146640864591,3.02961845629882,0.100469843905212,False
440,1.01560491368045,2.01504702029028,3.02201330317671,0.099963364319499,False
441,1.05710088120978,2.01531296773233,3.07832587265814,0.098641550505431,False
442,1.04112137421998,1.9752314348036,3.01833411284791,0.099571856801667,False
443,0.988075496827562,2.01746575553688,2.9832029644412,0.099856338515531,False
444,0.908070203197956,2.06282150166528,3.00405257021202,0.102648472511196,False
445,1.05325516804575,2.03059604824904,2.98037361978021,0.098324869761507,False
446,1.00174999040474,2.00982888772775,2.99114115214545,0.102232768871509,False
447,1.0985484087487,1.99787766530824,2.96587148238847,0.097555162499494,False
448,0.992636875808518,2.1147672163592,2.9815965619681,0.106141811767069,True
449,0.996846926909418,2.07799874138516,2.97468401321499,0.094685916863915,False
450,0.905023597978846,2.04339357464324,3.01673850223357,0.10108941559002,False
451,1.00789608542348,2.00067370358459,2.92449464580043,0.103077734350044,False
452,1.02067521633866,1.95397522792304,3.00656566979643,0.103523013110309,False
453,1.0584955914873,1.99018453039952,2.9775762838702,0.1043144888691,False
454,0.941300401130794,2.01838697828392,3.0661760779082,0.099259239589228,False
455,1.12980270109958,2.00886652812255,3.04223601564839,0.09618898360633,True
456,1.00662943014536,2.05588278226731,2.96384207489697,0.10147981938019,False
457,1.02215578074713,2.00880087216377,3.0118805098299,0.097412706797282,False
458,0.998766888805517,1.95380791715319,3.01575481455886,0.094076680714827,False
459,0.982251894333913,1.97300415520618,3.01409747224802,0.099304925230087,False
460,0.964455981448354,2.05429252986206,2.97407849324282,0.102109739761897,False
461,1.07472231150049,1.96797579044023,3.01102760800663,0.103894263187191,False
462,0.989388952263251,2.04436987557367,2.99518213915449,0.097702844201798,False
463,0.952750195089008,1.98450934019578,3.03490163485442,0.106629652267725,False
464,1.03474694144476,2.00684804114463,3.05719800214908,0.097244118096434,False
465,1.06484212640595,2.06695919911132,2.9820654461288,0.10434302323096,False
466,1.02540485726852,2.00119211768009,3.08422980048275,0.095070353061411,True
467,1.03777791201047,1.97977024970526,3.02454763596002,0.100859651982831,False
468,1.00035854544929,2.03873603786388,2.95143151587681,0.096728542290597,False
469,0.986204216322218,1.87892018288018,3.01025871474522,0.10128697067354,True
470,0.970289834893569,2.0443193883075,3.03234798562286,0.09926563944024,False
471,1.03763902056936,1.96215747632007,2.99089681240163,0.10344414140775,False
472,1.02206008904073,2.03929996863775,3.04810506057714,0.09788636138816,False
473,1.04116461604736,2.06570728535979,3.00015675327664,0.093595327906409,False
474,1.05380906085259,2.05928747603149,3.02647240654377,0.102009887100552,False
475,1.05213726848393,2.07111395993553,3.0055641768009,0.098734138157374,False
476,1.03321232415518,1.96267648846879,3.00079189400625,0.099191195082138,False
477,0.984649302896407,1.97834597234162,3.01355989597515,0.099020966823797,False
478,0.960429669410663,2.10833564111264,2.96083945252479,0.104981430356904,True
479,0.997137533976739,2.00559459732565,2.96758827770102,0.094233545289906,False
480,0.964949624003861,2.06300982741698,2.97329936962241,0.092013632891144,False
481,1.02850514561087,1.93531790513799,3.02063915729728,0.100568841683485,False
482,0.970810405678283,2.05977110315852,3.03754633850605,0.102706099055254,False
483,1.00815604727964,1.96255425057348,3.03294050362033,0.10174944492413,False
484,0.926720613524856,1.99340470186862,3.05137624849946,0.096201792169944,False
485,0.986845808786289,1.95864893337034,2.99547992337578,0.099721220887615,False
486,0.993335604809734,2.13537884438769,3.08329424385976,0.099529932874009,True
487,1.04309780376864,1.98320611343138,2.98414141695012,0.107809993622746,False
488,1.00853365940262,1.95408055037349,2.9811425108871,0.096152939006231,False
489,0.95027671772434,2.00423711097161,3.04453118550081,0.103742993667947,False
490,0.941577672028874,1.90952422626604,2.96531184961022,0.099388518676803,False
491,1.11638757245939,2.06450254933349,3.00511101412324,0.100932281467629,False
492,1.00852250034154,1.93246403963743,2.97236093510262,0.105120796508892,False
493,1.01361396606954,2.0154859816035,2.96010611226568,0.096905846536101,False
494,1.01075971628417,2.0658783585043,2.95393927398544,0.105032057486335,False
495,1.03154140454723,1.96138341782617,3.02334746003426,0.104764819061145,False
496,0.948089882340758,2.0130188729738,2.96259588477218,0.106571521074513,False
497,0.985796646474165,2.06705256399411,3.00532313993377,0.101802931512994,False
498,1.02112502127817,2.00330053677416,2.94922742746105,0.096061681375574,False
499,1.00655148831659,1.97349742168007,2.99172696167038,0.101804853199808,False
500,1.01266412851585,2.0763133047459,3.00489978638352,0.099347184067883,False
501,1.03436991428176,1.99953194649285,3.01725254946293,0.101938405810724,False
502,1.00714759581149,2.02405389673554,3.01791948137851,0.10330756971307,False
503,1.04312881955831,1.94692563982378,2.99067640319643,0.103900246812318,False
504,1.04602521424627,2.03525937080075,3.01542286757985,0.101275027779384,False
505,1.06863628083615,2.02822147058912,3.05370024951814,0.107376886818978,False
506,0.986179531522968,1.95485178395992,3.03917847518012,0.101284785903567,False
507,0.984600828081798,2.03586374074417,3.01977463445701,0.099859740446364,False
508,1.00513756746663,1.96959817742496,2.95261593377482,0.098374585500234,False
509,0.956719639086314,2.03332519020067,2.95956919941657,0.09958762992434,False
510,0.960334102392921,1.95945567473672,3.03985204743804,0.089212238347896,True
511,1.01399555121145,2.07862608205287,3.02596676653247,0.099876925285567,False
512,0.961663699447502,1.97489147205348,2.98893855896965,0.101535169387952,False
513,0.984185032240414,1.90704292370558,2.96972226947856,0.100535771897646,False
514,1.00245179965877,1.94124282113817,3.03582738981247,0.097815946915428,False
515,0.89634940684578,1.9048286841223,3.02739593300216,0.097303353639621,False
516,0.976199810580989,1.9676616565951,3.00030533287198,0.103328831893527,False
517,1.00875270778871,2.04280923666905,3.01961067840812,0.098492132643051,False
518,1.04943661092072,1.99900841123874,2.99741985590776,0.097697550309914,False
519,0.978445842161213,2.06246785890562,3.01780081778877,0.102525211819829,False
520,0.982592107509699,1.8837569727582,3.00827247409602,0.103329508071926,True
521,1.06565765706501,2.00842472046343,3.03372334608033,0.093793030420671,False
522,1.0349255948329,2.04074863115795,2.96638277217636,0.098684534839494,False
523,0.966693878869905,2.05866504352609,3.01651269362584,0.095130023164513,False
524,0.962045158846395,2.07260732029222,2.96717464248618,0.097436496531786,False
525,0.963164691006421,2.03443040392485,2.97544210635684,0.10143378949087,False
526,0.99608384289779,1.97275257829852,2.99313371451736,0.103012735260115,False
527,0.940175818974371,2.03668382078494,3.00200959171055,0.095555785861038,False
528,0.990369711050231,1.95309534712347,2.97455334014104,0.09690581916802,False
529,0.909038324098863,2.00494578957384,2.97195702445455,0.099761778984721,False
530,0.970872087597186,1.97455453874835,3.02506650658649,0.100200633813217,False
531,1.08871767295714,1.98755766506322,2.98214970559471,0.09673530588116,False
532,1.0564513185078,1.986867338003,3.00517776098888,0.102461073518332,False
533,1.05098611838887,1.98100629903164,3.00009671325152,0.108342488132502,False
534,1.03133875852429,1.9769130986427,3.01791754634982,0.102843437577581,False
535,0.910369749711056,1.99143116292485,2.99773861178007,0.098456168861069,False
536,1.05081637949296,2.12641426023143,2.97856199939561,0.091924553607258,True
537,0.981814994194348,2.08490220402046,3.0020503843963,0.094207528264018,False
538,1.04550951294646,2.0141058648058,3.03043456057145,0.093964496802221,False
539,1.11747249353333,1.98988533828487,2.99418684256636,0.100569846618375,False
540,0.986286693888337,1.97029804950232,2.99435756557265,0.102615859640508,False
541,0.957614509929247,2.05530342017921,2.98628534067576,0.10457959772603,False
542,1.01811184603652,1.99571868036161,3.03325970466016,0.098402045330856,False
543,0.943154670504476,2.12343233143097,2.98514602595211,0.101245529613767,True
544,0.947309183341243,2.00139478195014,2.99350299010018,0.101642268088435,False
545,1.03946480482065,1.89787020029473,2.97332840988702,0.094575752921951,True
546,0.935223235324441,1.96499374791168,2.97493760931304,0.097436294108848,False
547,1.01047879696335,1.96828254639009,2.98394636645437,0.101797533728683,False
548,1.01327342395104,2.02570411496557,2.96277368353024,0.097966164874801,False
549,1.00630369442648,2.0308071207208,2.96381442084367,0.106830385815614,False
550,1.06588568126692,2.07829096896859,2.97479856211457,0.096465479324664,False
551,0.942510664968544,1.9743356463032,3.04577948169464,0.099253321053732,False
552,0.921237280557732,2.00643172036481,2.98799383676865,0.101888514456727,False
553,0.979877497761268,2.0430068017342,2.99299298481424,0.099377166180912,False
554,1.03034963388018,2.02369762300674,3.02408491927693,0.10153053358231,False
555,1.02332983975809,2.0870132752066,3.02373136864183,0.101244997179175,False
556,1.09719303198444,2.01703259377832,2.99884461153902,0.098490699822649,False
557,0.9996863234755,1.98908945894704,3.01381861293008,0.097808342094564,False
558,0.93319513120202,1.98546400071717,2.99702241687125,0.093256931372409,False
559,1.06653189560171,1.99215999093632,2.94374739162152,0.097975923697999,False
560,1.01144052307844,1.98090349703869,3.05669201997895,0.096818375902433,False
561,1.01237256041404,2.01433928535527,3.0098325589227,0.103035633280438,False
562,1.07797397595294,2.02578399329572,3.04182290015257,0.096939884593662,False
563,0.974071855114288,2.0040157779781,2.99922813111664,0.102908738091044,False
564,0.914554464450945,2.00716714495341,2.96830663009625,0.103470815312869,False
565,0.915990360964843,1.99907584734684,2.97824058153233,0.097983360229894,False
566,0.993186447803428,1.94849399263444,3.00215495141348,0.102345105914881,False
567,1.01809276270781,1.99410813335442,3.00613342979506,0.103858302820846,False
568,0.996197281729402,1.99742153279148,3.02221874477105,0.095646575295822,False
569,0.934321005803065,1.99893881733175,3.02988295933845,0.104353738265359,False
570,1.07414754429368,2.01208337856539,3.03525044016633,0.105126478681864,False
571,0.885147402741838,2.01764845751486,2.98745019083807,0.103814013140758,False
572,0.932937839274512,2.01692142844838,3.02760187091999,0.107195261925992,False
573,1.00712701420873,2.03902702984416,2.99915959229294,0.106974360936441,False
574,0.98776871341865,2.05313245180953,2.96539454192246,0.095142764229694,False
575,0.933384305167837,1.95304367515321,3.01845348377323,0.099541382428365,False
576,0.975174871165056,1.94258683714176,2.96115043600334,0.099206347726022,False
577,0.965881012807784,1.99042804710444,2.9826130195785,0.102172862064558,False
578,0.986713717574194,1.98925271143865,2.99060799432684,0.095283478802051,False
579,1.01034404739508,1.98347307365674,3.03012407337716,0.100806203811605,False
580,1.07077092142178,2.0096575237117,2.92342429285157,0.094162775810285,False
581,1.00918129537912,1.99208428607638,3.03882337766646,0.096651713320036,False
582,1.01153022112349,2.00000332962153,3.03371399388394,0.10149743943412,False
583,1.10817549353016,2.0451836093237,3.01113156429274,0.100817420235045,False
584,0.946412332595404,1.98656685371951,3.02441038183136,0.098498450747944,False
585,1.09522002486546,1.94631261742174,2.99060419595283,0.105031123401704,False
586,0.974586663646926,1.97588281407923,2.97727670805858,0.09601514471795,False
587,0.995796618232889,2.05494278141319,2.94416508998238,0.089365093408372,True
588,1.00323933589417,2.02960939947436,3.03814200441143,0.10230998370207,False
589,1.03013153897956,2.10997008211331,2.99504589979506,0.100107218679543,True
590,0.97055467573236,2.02421322741911,3.04926407735625,0.105152655769249,False
591,0.973453461904294,1.98790513190005,2.98524637593629,0.099468499502548,False
592,0.991120432650699,1.95463943490495,2.974664354853,0.095620491355502,False
593,0.994277436471349,1.93275008014756,3.00705396408082,0.101871649026796,False
594,0.990695883566144,1.95726081970792,3.0588880996248,0.100333294927027,False
595,1.00235780256846,1.96640584531615,3.01896191805947,0.096533775926408,False
596,0.958582381818047,1.98398852663191,3.01725734799712,0.093769516250676,False
597,0.901286885976577,2.03202367884793,3.04639836833092,0.09818346417364,False
598,1.02103728313552,2.00638789064614,2.9992790358862,0.09483718049314,False
599,1.03773071728988,2.03197503905889,3.02830521899275,0.100711178421957,False
600,0.971758018486537,2.00510331852107,2.98702402360487,0.087404491836515,True
601,0.920765506904673,2.04550784724847,2.98601952255257,0.101735302395859,False
602,0.967058590303069,2.0270068314747,2.96455695822052,0.107919478898982,False
603,0.989074097548829,2.037633410655,2.99554280984115,0.094793027980707,False
604,1.0038335587603,2.07068753463798,2.96770719558149,0.103930354909909,False
605,0.911749832447302,2.12504343652514,3.00863440927153,0.10567973125867,True
606,1.01970832327506,1.92181632241976,3.01480443674897,0.104042131608574,False
607,1.00443555257562,1.98083365889584,3.03032355081176,0.107884714827819,False
608,1.03293736413761,1.94380755950306,2.99207078937971,0.101637050069197,False
609,0.999400933242255,2.00952595177026,3.0188716787357,0.10303263908887,False
610,1.06743726194816,2.00885267296574,3.00087101299053,0.103312992428326,False
611,0.973908653173367,2.07162031474594,2.9818334684737,0.103068690682907,False
612,1.02719346548126,2.07020153070231,3.04459398156585,0.096628530923548,False
613,1.05766346565056,1.94182500467647,2.9832523484212,0.10093870895355,False
614,0.975209378192059,1.98326372793776,3.05135933401754,0.102399281620457,False
615,0.985136679006908,2.03749782047561,3.04804660639913,0.096310550103648,False
616,1.04783249486512,1.96867828373974,2.99805736510638,0.101997315389285,False
617,0.971404984093778,2.00571067403219,2.94895893199677,0.107274098917099,False
618,0.939574535192328,1.96473851821228,2.9917575123194,0.096182443124564,False
619,1.04620143838721,2.01339910855668,2.97958142991753,0.104912614548131,False
620,0.976483894622487,1.93816639834047,2.99201662245283,0.101923949823531,False
621,0.95609038253109,2.01199030006808,2.98290004876678,0.10507302104823,False
622,0.98943199094915,2.00439964599097,3.04220261176649,0.094941934482786,False
623,1.04765447378736,2.04259225365326,2.97932850832754,0.09222185805322,False
624,1.14984139488378,2.07047128041005,3.00727150809317,0.095276703140625,True
625,1.04151470601442,1.9838898519887,3.01664083626262,0.102175353080719,False
626,1.00375901039897,2.03435399544833,3.0210253256582,0.090330427382944,False
627,0.973201643102823,2.08276821304263,3.00441625017448,0.099000269783823,False
628,1.0271367424109,2.04433252144395,2.91792655230752,0.096453995158485,True
629,1.00922485128261,1.97968427479804,3.04096355979297,0.098775851527876,False
630,1.04950694938754,2.00310740860696,2.99540721187603,0.100260451430908,False
631,1.02380036212886,1.95823142375959,2.94793016005242,0.101560639334235,False
632,1.00863453267996,2.03961495424333,2.99190692400285,0.101089151458005,False
633,0.953630867016638,2.12686945556434,2.95264906325053,0.099642087793604,True
634,0.972413407586439,1.95724729176893,3.00252029898957,0.096968470792021,False
635,1.06193980625507,2.0041302985578,2.99803187635859,0.095701087148836,False
636,1.00364540165337,1.88283971579521,2.96375720752769,0.104111503184694,True
637,0.99957876932766,2.03297816449077,2.99391663514765,0.097562904532404,False
638,1.07187518602176,1.97012356472229,2.96878928117896,0.090910902001081,False
639,1.07888779891338,2.01585287958553,2.95636838468393,0.095120446766413,False
640,1.03999846518475,2.0063937086765,2.9657823865939,0.099031916683915,False
641,1.04321785274412,1.9714639817091,3.01064925278462,0.098832728671052,False
642,0.985888447242238,1.97595342909535,2.98823282144152,0.103720623280198,False
643,1.01294018796465,1.89753117430056,2.99468887858442,0.103518054826309,True
644,0.969783922002802,1.93545881993917,3.01602792519403,0.093795882663398,False
645,1.00494773477229,2.07898399036089,3.05870193657346,0.102447027581719,False
646,0.956677452376564,2.0934771845869,2.99328746062427,0.098858241743747,False
647,0.966568252284712,1.99888314878541,2.98998479165309,0.106083363859796,False
648,1.07735135402881,2.00341437011304,2.96525355534245,0.094733788037631,False
649,1.00731386494173,2.02154666931016,3.05588098704012,0.102853641261071,False
650,1.02495194019036,1.97415795134918,2.95762426221455,0.101444311582774,False
651,0.9599845620812,2.10027588899368,3.0177852403062,0.096687421963546,True
652,1.05293158971983,2.01209714949078,2.98025703472996,0.098048039588476,False
653,0.976722252477558,2.05987945673638,3.00983215119125,0.0971314408876,False
654,1.06549227611457,1.9886333871831,2.95814152755018,0.096243217502391,False
655,0.97920971931566,1.97673476865276,2.98615573742352,0.097883568270218,False
656,0.963091994665235,2.00685525499738,2.9684138793129,0.107355370989595,False
657,0.978488251735931,1.99957927205326,2.9847071400236,0.104761300056396,False
658,0.980717314083626,2.04658595041093,3.01504670247465,0.101227625332473,False
659,0.996624050131306,1.98676146078464,3.00006281924836,0.1039922167532,False
660,0.996452510880793,1.95569783962333,2.98147906541966,0.092722935555587,False
661,1.03900308580872,1.90577875266136,3.04358081149455,0.100305279247704,False
662,0.990946277068219,2.03037883289363,2.96767025844982,0.099388016810931,False
663,1.02312257720409,2.00030343984693,2.99768042261987,0.100901885962337,False
664,0.989971032678067,1.98050256620771,3.03815535877787,0.100662742256132,False
665,0.979530235457816,1.9926836622369,2.97637942579846,0.093946218829078,False
666,0.981775122937949,2.01525683448235,2.95862377444323,0.100881102524376,False
667,1.00196465366975,1.92046178366537,3.01966094767426,0.098145043258771,False
668,1.07373190285626,1.95863091068092,3.02702634923547,0.103247475701,False
669,1.01464353787503,2.03564343307511,3.00871552364943,0.100425501381856,False
670,1.0102033352652,2.02850881722448,2.99668487660507,0.098809295430997,False
671,1.00495204625114,2.0599958817004,3.01131148730431,0.098518661148071,False
672,0.922344795723088,2.00901131794795,2.95422066275308,0.103402252588312,False
673,0.991907557618102,2.0524467323334,2.95611010680722,0.099781420569709,False
674,1.00961790471183,1.99771424137662,3.02778335665715,0.09817920824506,False
675,1.02238990644481,1.92734645398335,2.99179747140344,0.100238705950942,False
676,0.975224904452502,2.01383729009421,2.94967776214672,0.092715235253563,False
677,1.05809941665983,2.05267623902206,2.9921861484564,0.102376705912224,False
678,0.947504223789848,1.97290097570748,2.97830411711868,0.106190433265804,False
679,0.936104189099594,2.00474699361846,2.96570499332225,0.096619550609789,False
680,1.07098223027817,1.98551783149812,2.99403963761779,0.100640496227732,False
681,1.03772478942796,2.13476665997321,2.99902962305775,0.097907668158427,True
682,1.00274146004929,2.03849568933323,3.00333208264443,0.096667170253849,False
683,0.870911319741243,1.98195180055548,2.99842254332453,0.099757746133217,True
684,0.945142914938998,2.0162403600224,3.02982555773852,0.094855317174715,False
685,1.03136102633376,2.06399713594674,3.02096052165437,0.100896400830865,False
686,0.924588167984185,1.98888289218224,3.04215585813315,0.102457840290761,False
687,1.04177588123987,1.96908557032136,2.99589984851204,0.104135967921014,False
688,1.04025182961324,2.04786659750151,2.96890852550575,0.103953631295212,False
689,0.991065012988023,1.85704320132326,3.03081036538436,0.099124262950836,True
690,0.952066799416943,2.07691543601654,2.99458074590166,0.098197459065314,False
691,0.950604150232902,2.04772221721839,2.99248705580204,0.100381686779289,False
692,0.993248775397356,2.0226323612894,3.01098025404553,0.105542210521306,False
693,0.997590867268332,2.06993732468208,2.98915224470084,0.091927984792971,False
694,0.992606049611419,1.983230564283,2.98962138299349,0.10274633188346,False
695,0.986784745439935,1.9848928908408,2.95585345130987,0.100114813982561,False
696,1.03818509419303,1.92557801786601,2.96150139021372,0.099289339296658,False
697,1.04534791893057,1.94402784182566,3.01571920938582,0.098538431789439,False
698,1.05219778866389,2.04371507750438,2.99887892009622,0.097753986415568,False
699,1.10195779685981,2.01285305552532,3.02912515060687,0.098488751394686,False
700,0.967889832922107,1.97808260678231,3.01857600569862,0.093637393042605,False
701,0.975236160430274,1.90065954320193,3.00460765837232,0.097704944175893,False
702,0.988349916274437,1.96766844172469,3.00431733838254,0.099615139474766,False
703,1.02921762921251,2.0308358136206,2.97259193893514,0.09866893601599,False
704,1.0677462334813,1.95672027030469,3.00517896372037,0.099509909872183,False
705,0.963439710941925,1.90120408508425,2.98494128170443,0.101753047677457,False
706,0.978650955146844,1.98631884791014,2.99388176835979,0.096145046180038,False
707,0.978021134339494,1.93324357042631,3.02690665621328,0.097607055732574,False
708,1.05466541473175,2.10374868500582,3.03742815569169,0.099606790714691,True
709,1.02906942330258,1.989439119042,3.00099284123935,0.095946233437344,False
710,1.04797300639456,1.96138565406448,3.01421142855337,0.100154341985336,False
711,0.932717046583252,2.01517578419278,3.00393331790564,0.10332816412723,False
712,0.962585193770902,2.06984193875345,2.98932282311883,0.105511968737995,False
713,0.951043810982715,2.00011836892885,2.94878696206278,0.099130860759994,False
714,1.02691446532502,2.05569276283241,2.96467598924776,0.096444384865511,False
715,1.00347935839967,1.94525085521467,2.95941422604374,0.092326504239647,False
716,1.05254616567097,1.99179641641727,2.97019116077294,0.104123572302942,False
717,1.02983326516195,1.97244385526954,3.03393433408485,0.099372877356398,False
718,1.0340499871431,1.87683636376124,3.01400821375502,0.09797633845455,True
719,0.977126736733975,2.06809597223991,2.99662094725203,0.101353080193758,False
720,0.92068968447525,1.99743827958453,3.05084060082564,0.097856033489556,False
721,1.03515801896313,2.06085289204397,2.98200094039946,0.098683194468138,False
722,1.0096836378827,1.97936000617075,2.99408848079815,0.100189508335815,False
723,0.933261168711471,1.95115424994925,2.98982667619094,0.101313695763895,False
724,1.06920800710336,1.95289797176146,3.02715750940319,0.098108998167408,False
725,0.985750534961798,2.0151085327014,3.00864210478212,0.099355903472303,False
726,1.05786202582413,1.95198280377289,3.01401048382966,0.09838535707531,False
727,1.01303376768483,2.03222024769293,2.99130377552491,0.093664509747418,False
728,0.938780422075113,1.98786819808803,2.97566506115057,0.094433616128667,False
729,1.04929690285175,2.07178714976611,3.00134970599651,0.097010699447481,False
730,1.03546244059795,2.04927436757544,2.99386925584604,0.095847700424066,False
731,1.04364851640506,1.94338433267234,3.00832385805954,0.108362543490276,False
732,1.04706257674158,1.91534836508292,2.98730018081345,0.104889943372349,False
733,1.00936191712933,1.98920018885624,3.04971104888051,0.098400459546464,False
734,0.896260128803146,1.91207403140895,2.97417159318135,0.102019939076624,False
735,0.968332747491835,1.96707701511892,2.96722431660877,0.094919079794294,False
736,1.10228255943551,1.96172299810166,3.00269077196853,0.099648135545876,False
737,0.983740878816483,1.87974954918403,2.99227160730283,0.099153169078676,True
738,1.04603263886415,2.00785027416676,3.05468045721055,0.096552623143974,False
739,1.07439321057719,2.00978181555684,2.98608343872122,0.10104034641692,False
740,1.13025260765853,2.02141042389838,2.98330690544822,0.102614740022985,True
741,0.977975157979079,2.00119615785644,2.98386897534061,0.098105675052839,False
742,1.02192852574233,1.96858035283589,2.99225022388195,0.096163340244723,False
743,1.01892564460005,2.04617610885877,3.04546944461613,0.109235281213929,False
744,1.05175034351318,1.93138528214962,3.01278967173094,0.096899905855457,False
745,1.03344178090719,1.96441769466062,2.98902134611183,0.098630356281985,False
746,0.981025848593088,2.06129112563867,3.01275867362661,0.101053242520629,False
747,1.00138928027672,1.94825676863839,2.99596584007698,0.100557288840438,False
748,0.969596730556083,1.99604182809817,3.03246992771221,0.095915951198986,False
749,0.984839879847427,2.06220566523444,2.99263454323991,0.094284606792873,False
750,0.951788699738871,1.9639425879159,2.99480270151313,0.100846841819549,False
751,1.03511053452822,2.0084018072848,2.96461151562244,0.097124574047485,False
752,1.03832274412577,2.05214186097933,2.99340114952844,0.093539626380302,False
753,0.995416707677907,1.96139596029002,2.99262465491541,0.100040573168042,False
754,1.06248179600177,2.07332612861126,2.98242969480191,0.103372139988761,False
755,0.96266989011122,2.00497494783411,3.00739821560822,0.098216314582532,False
756,0.974707518924133,1.94197125424839,2.99951112614695,0.100211174157505,False
757,1.09757401690723,1.98847547244086,3.02564849962797,0.098325185397378,False
758,0.982204931273293,2.03427474801898,2.98111728338584,0.094516131425203,False
759,1.03098257953561,2.01849649185434,2.98460465720916,0.104441997029421,False
760,1.01618637713796,1.97053230715749,3.01911306327203,0.098190714753806,False
761,0.943690014910123,1.95971409564377,2.98173204917644,0.101781191474262,False
762,1.00488535558106,1.9217823458039,3.01976866819161,0.100440954091602,False
763,1.05264584652226,2.04289060707273,2.97076754970091,0.097481071619649,False
764,1.05112530679439,1.93710594627724,2.99610876712574,0.105242548305001,False
765,1.05053979775205,1.94263716189744,3.03890085623716,0.102954146323301,False
766,0.966463510375971,1.935226914696,2.94815264827278,0.100091180198885,False
767,1.00333998429438,2.17416666490076,3.02041914197265,0.101514504138467,True
768,1.08822545235788,2.00235770423057,2.97434935763744,0.099224999519745,False
769,1.00837292184837,1.98036838980216,3.00191614869643,0.098821360401802,False
770,0.994515820301314,1.96482295338731,3.01615089285759,0.101329114685183,False
771,1.02254019116371,2.06502990443012,2.96626829033143,0.104080979337939,False
772,1.03068625080045,1.88090606396286,3.01506314499044,0.108764691689656,True
773,1.0164576373077,2.01458817862279,3.00932407472043,0.103708139080566,False
774,0.950346956845161,1.95103640951105,3.02068907853301,0.101018656959506,False
775,0.999978368171778,1.96783126779827,3.0167499583503,0.093050142254658,False
776,1.00668304544687,1.97631142438319,3.00776148164428,0.100705215715826,False
777,1.01882695998071,1.96425390598241,2.96987787757864,0.100272919535668,False
778,0.971185497696386,1.97173381269787,2.97684572239672,0.102350007291601,False
779,1.05287828575308,2.02973701503373,2.98959429058731,0.101240240916987,False
780,1.01234570430235,2.05229114509956,2.94928382048628,0.099798318487803,False
781,1.04383534662174,1.99449319176575,2.98746719767385,0.098747551313651,False
782,1.01896821720184,1.99987983697675,3.033839802576,0.10546852108211,False
783,1.02478306369416,1.97312024930495,3.02912689110179,0.104465753777693,False
784,0.934125898001293,2.07840013217482,3.03983663452991,0.093096309712343,False
785,0.992663916938592,1.92310261073519,2.95649034730084,0.098345477829759,False
786,1.0294002562294,1.94910153338406,2.99647012459606,0.102876013676148,False
787,0.990761458844388,2.03916026786091,3.04977155119066,0.100339650153235,False
788,1.11050253733364,2.01002379817341,2.99444245746872,0.102329614466938,False
789,1.09547678999564,2.06220214400179,3.0321592426347,0.108363381947649,False
790,0.950633620261245,1.92965277474341,2.97449604301765,0.097106816970059,False
791,0.913857847802917,1.96028213852327,2.97801218751866,0.093386581174871,False
792,0.962368044041491,1.94757364438431,3.01221090870083,0.103547720335791,False
793,1.06572821316245,1.96199236458576,3.00809357858096,0.102065658538335,False
794,1.01713659924812,2.00069128779121,3.00963603350134,0.098592372714475,False
795,1.01558957678282,2.01902178029604,2.95412420895071,0.099563474693739,False
796,0.99439113436806,2.0602058026745,3.00778524051806,0.093468431537299,False
797,1.00383342513815,2.00269173222096,3.04779994565842,0.100652220417784,False
798,1.05024656294554,2.008686350497,2.99453426957429,0.103325040045333,False
799,1.03859066908801,2.02355477240452,3.00626603307562,0.103526812029659,False
800,1.04458730973856,2.00463633536583,2.97151741426254,0.105003017852683,False
801,1.03780779479306,1.98269008982536,2.94685644197699,0.100291496690821,False
802,0.99377031455247,2.02624222566343,3.04357993018026,0.099889244003376,False
803,0.945447359994136,1.95756598318067,2.96894105596388,0.104272110182886,False
804,0.977862481142072,2.03623416562738,2.98439340003467,0.096257268058752,False
805,1.02596591371909,1.9307657147203,2.9722478744614,0.104242095058565,False
806,1.05485923515541,2.07529825441863,2.98596039328068,0.100947805837059,False
807,1.02428898128856,1.99949937490241,2.96768841045041,0.105914983242195,False
808,1.03741805783567,1.99277473834275,3.00806377771795,0.099680895099715,False
809,0.902641731432778,2.02200912483443,3.01400635194893,0.096935730298638,False
810,0.983560192193822,2.01678862819353,3.00413921897451,0.104571604992397,False
811,1.03222377288352,1.96164811787383,3.0080429157805,0.101286190137925,False
812,0.97467241967952,1.94941036116304,3.04063231679583,0.105990003116754,False
813,1.02432817813516,2.01176173333905,2.94409997816586,0.097250647678799,False
814,1.08693925215896,1.96784277193911,2.96894915942512,0.097686485270648,False
815,1.02821045583701,1.96596864061207,3.05532939500647,0.103065732754825,False
816,0.987754040049017,2.06880047320605,3.00607773130516,0.099449011816068,False
817,0.990470965517038,2.06024553264005,3.02860581536678,0.103791451876263,False
818,0.960007827865551,1.91270307361345,2.97572360091554,0.10299155516925,False
819,1.09348518830248,2.00584055247003,3.03140733847199,0.103950623587032,False
820,0.962805560630191,2.08348039012608,3.01135110204728,0.099605578274887,False
821,0.976131392665056,2.01492760355165,3.02995108611809,0.09924349398353,False
822,1.01718058650998,1.98948671201522,3.0279964831115,0.106334867739764,False
823,1.00178431909408,2.04664403350811,2.95792460090312,0.099371770658688,False
824,0.945831627459018,1.90923953912286,3.01841710710155,0.100888865835815,False
825,0.97023942809643,1.94661526672532,3.03510759208086,0.099699059648971,False
826,0.880500743312328,2.01615786754725,3.02796455561704,0.100551672430735,False
827,1.03372614148678,1.98741151566458,2.95172040655099,0.100131696948073,False
828,0.951346286211386,1.99381231503755,2.94234186143945,0.098648839144367,False
829,1.05601224837636,1.92215458202697,2.96396864963451,0.09980867604697,False
830,0.941616584990939,2.01723800732415,3.05563460757848,0.102146969492413,False
831,1.02410466683431,1.98658844286577,2.96407721344159,0.102272346025652,False
832,1.04621500396342,2.03968989943304,3.01433741493333,0.097685984445793,False
833,0.910141177603768,2.01006066836131,2.99066512821572,0.099036627500989,False
834,1.05546624999456,2.06384360859865,2.98697850147107,0.100275975644054,False
835,0.960027133957062,1.99824236941831,3.00772723403508,0.097422528282058,False
836,0.951319322831591,1.96533604805386,2.95225836200789,0.099190681735071,False
837,1.06549936944025,2.0109837048416,2.98176248436462,0.091475185820446,False
838,1.04282644958203,1.9475256511542,2.99938891314494,0.097676564304043,False
839,1.01883436160652,2.06720581934587,3.00839145059514,0.100093073427848,False
840,0.920959167165892,2.02797967555366,3.01658137201575,0.099783801614794,False
841,0.975504164471336,2.028434747054,3.0581758526208,0.106330020132013,False
842,1.00100073632069,2.01892156456998,2.96951587879359,0.099271443608732,False
843,0.946586648862733,2.12377533451206,3.02855739482031,0.100619037678144,True
844,0.995766559167709,2.02016564432202,2.98591216371428,0.100654349216716,False
845,1.02316938537312,1.9120859908701,2.95246013735291,0.100734038917796,False
846,1.06978968907753,2.02668013024498,2.98326150575567,0.106936324105408,False
847,1.0870792072154,2.03144921574313,3.01086047650304,0.099990749834,False
848,1.04711179537588,1.99890789492951,3.06049972415858,0.103725825285984,False
849,1.04898592848809,2.02776147706387,3.03165216134325,0.102514034694289,False
850,1.04115274243943,2.00272405918082,2.95062334919388,0.099531251755002,False
851,0.977134908473344,1.99562062229952,2.95065347581412,0.105561024098633,False
852,0.983090142571517,1.95509402504524,2.98982663764119,0.094187270127075,False
853,0.886086113844544,1.96015824547052,3.03236613788385,0.106816882697242,False
854,0.97094820649825,1.99801012379703,2.97334194571631,0.102117869118381,False
855,1.02604851314262,2.0190870664309,2.98268297549445,0.098042848707454,False
856,0.975607333608631,1.88941059300226,3.00975713622887,0.101841187154983,True
857,1.0630946366883,2.0303394726748,2.95946203968446,0.108760372106075,False
858,1.00302195017307,1.93150441899267,2.99304223030078,0.102036417247524,False
859,0.881409030769143,2.03714438475382,3.04634040743251,0.101973460687794,False
860,1.05453525766069,1.99237563562248,2.96705857900235,0.096453545441854,False
861,0.949892409780963,1.96444719200421,2.99683598894754,0.106777678251497,False
862,1.00144590184458,1.97451694777105,3.04703212676554,0.098640840643942,False
863,0.986449588166325,2.06692577734377,3.00058278333968,0.107976316508864,False
864,1.01423324268294,2.03846388636603,3.01648789619115,0.098747910077631,False
865,0.989473431870185,1.93030335723229,2.99281260270797,0.107518449631258,False
866,0.916087654398375,2.01456489759708,3.03808837104451,0.104091943006093,False
867,1.01671117816673,2.02058511825108,3.01783364491025,0.097955775276785,False
868,0.970158883245576,2.00670272575852,2.98076263936469,0.094588753644238,False
869,1.03048699544079,2.07356902008238,2.93863209861436,0.098194567630843,False
870,0.895970336528686,1.85410979024297,3.02005854268755,0.10607896256332,True
871,0.968780744406331,2.03298356371784,2.98005247481658,0.096313070496747,False
872,0.96768189205338,2.04331802531211,3.02274774639318,0.108199305531461,False
873,1.01856970447858,2.02675425728537,3.0102266285451,0.101173252485943,False
874,1.05329376325039,2.0257106829459,3.01288681277375,0.104139600519804,False
875,0.89136837266815,2.00889558143028,3.04857363318753,0.103601243549532,False
876,1.00911326680395,2.03432536210169,3.00742995949687,0.100753769474014,False
877,1.0570146617032,1.96257626013082,2.99521440366212,0.101247526850568,False
878,0.961547670645283,1.9639333572641,3.01455378218635,0.102774470322246,False
879,1.0449969155929,2.0530124951954,3.04233883235348,0.099052646743035,False
880,1.15908551766989,2.02013660627088,2.98832185137403,0.104732148644228,True
881,0.974477745355538,1.98353380154988,2.96659587581129,0.096706652828357,False
882,0.916185779969298,1.99035421532342,3.03811619428624,0.099729745147456,False
883,0.911799355558744,2.06123169810368,3.05283484514104,0.10049064668593,False
884,0.984229864590079,2.05352730330521,3.01746217701559,0.101663326414518,False
885,1.0069426429148,1.91553286668496,3.05707112752715,0.096626962330269,False
886,0.984260451882125,1.94481670388116,2.94901875624822,0.106406156070002,False
887,0.959467396739403,1.99813162562025,2.98967415673456,0.10101475354752,False
888,0.964946995105746,2.00044849891821,3.05486795058578,0.102157834672267,False
889,0.942356910911005,2.08874445800107,3.03478391933986,0.097211044051964,False
890,1.0293592550173,1.92471245463908,2.98788121983869,0.099746391511713,False
891,1.05978146402309,2.02198556263936,2.9975087967392,0.098087742144908,False
892,1.01534302793098,1.95871368057893,3.00426714267332,0.098853576171,False
893,1.01016836471565,1.94570056127904,3.00482120498983,0.097098846388225,False
894,1.06808018722593,2.00195563145985,2.97157720329746,0.096571552996447,False
895,0.93312772457292,2.01022714161911,2.96733684684277,0.10224243111819,False
896,1.01192617222714,2.12167049646552,3.04685037060783,0.107169718714511,True
897,0.98838690821748,2.01178257759727,3.03495411815305,0.100376299371775,False
898,0.985731607158867,2.04852419852736,3.00018435316237,0.109031265566595,False
899,1.03511073813461,1.96863502816304,3.06041049335855,0.107551582891706,False
900,0.954400204024413,2.07970506742451,2.97116099669833,0.096722544877353,False
901,0.978271993401019,1.95518953917507,3.01891182632756,0.099413583710212,False
902,0.988331295308385,1.98011763545316,3.0614756310886,0.09632230989463,False
903,1.04302687179196,2.07024385446747,2.95295295963388,0.105242479226624,False
904,1.02621738189335,1.98151372113415,2.99125853462761,0.104700750185739,False
905,0.983034392635498,2.02007870181701,3.0173556151853,0.099705393347971,False
906,0.990543289483804,2.01964105500407,2.95580703664607,0.104053682396188,False
907,0.970103950372249,2.02978567661436,2.97598182258965,0.102649606407389,False
908,1.0117766207995,1.90076729440225,3.01310905976566,0.107753914803406,False
909,1.00566726445975,1.99424686039463,3.02100802329301,0.094132084590831,False
910,1.02408273406972,2.0306243985577,3.02576848227932,0.102301457978098,False
911,1.03683164498161,2.01819233426646,3.07923163524184,0.10464062927434,False
912,0.988095539303687,1.97092521569948,3.01522012230051,0.097893045938695,False
913,0.947668457894629,1.99968659160974,3.00925347679386,0.093056649081458,False
914,1.01600398335158,1.95370523208508,2.96717273014945,0.10731012934876,False
915,1.02050126525379,2.07159337178827,2.95933949315675,0.102821998363062,False
916,1.04423758449377,2.05472358080693,3.0246970179417,0.099771252854697,False
917,0.997479773210153,1.97800731599076,2.96652800681567,0.09982727553417,False
918,1.07657111097977,1.9597756144552,2.97682423190372,0.095934573390165,False
919,1.03544614673852,1.97960371820085,2.9873105521729,0.094410510785831,False
920,0.998020104501358,1.92330923316431,3.01361484273134,0.105662277090933,False
921,0.985613786013452,1.91621789219259,3.01329579885296,0.097601249631964,False
922,0.970098739999617,1.93263505149113,3.06401743898496,0.097190345638804,False
923,0.954589648509898,2.13386066298313,2.98318207266161,0.098347776759669,True
924,0.963864645673139,1.9546556115776,3.01697582875953,0.096840742782622,False
925,1.04294121137984,1.97481965399057,2.96752472338405,0.099197874260742,False
926,1.02965929651899,1.98061287965567,3.01422425490499,0.093637349740242,False
927,0.919197588659374,1.95920193497695,3.06363895868587,0.101460526916573,False
928,0.926241236446341,1.98133980846469,3.02394103501791,0.10554229041328,False
929,0.968956454720012,1.92000187813923,3.04664128942368,0.097299942924179,False
930,0.929266120395167,1.98333735044005,3.03361748794258,0.100728501992253,False
931,0.986378118260039,2.03467789532118,3.02960882809047,0.099404766111931,False
932,0.953178990607337,1.98645087000582,2.98938262939234,0.100462867006367,False
933,1.00434065032489,1.98159107474121,2.99407288491451,0.103921026063451,False
934,0.973340646231758,1.96526919993979,3.01946243685301,0.095085276291433,False
935,0.949238419839996,1.99989455560554,2.98199155234769,0.096414720729907,False
936,0.966134778061524,1.9879973036612,3.02233103223531,0.098879896789449,False
937,0.97611291482328,1.97720617102531,3.02887384664914,0.099622976519463,False
938,0.988286243192145,1.94338122090146,2.98097448897432,0.100541675363991,False
939,1.08323479131378,2.06051201709725,2.98086785862063,0.102552179134547,False
940,1.07002604578111,1.9858822196438,2.96548187878791,0.111512451900143,True
941,0.980545232432836,2.05616293684549,3.01607112318079,0.09297504383004,False
942,1.00388916307777,1.93428804836395,2.96623981534346,0.102195989233104,False
943,1.0713225782777,2.02959511246953,2.95372963507053,0.103995313598164,False
944,1.04034865644004,1.99561065746825,2.98871086270971,0.109519444379214,False
945,1.02294530556183,1.96511845396788,3.01789922206809,0.099112936145331,False
946,1.01228100492896,2.02975395927296,3.02563727544552,0.100608145558639,False
947,0.977456211168928,2.02429612163378,3.0032809433394,0.096377192106843,False
948,0.998771182448801,2.02484663785241,2.98908950681142,0.104834422479963,False
949,0.992961641774499,2.07550102400547,3.06221201226144,0.098886750854002,False
950,0.88614671891105,2.01718809940556,3.02463602481165,0.097966775141541,False
951,0.979113741804542,1.94943368204904,3.02052806026905,0.095860117906067,False
952,0.955259445450888,1.93210604153781,3.01449481418853,0.102890690974428,False
953,0.935364783712833,2.05245655381432,2.96519425644311,0.100340875470576,False
954,1.08805507320206,1.9799757293349,2.99860064133696,0.104745667235259,False
955,1.07127448927625,1.94805616759606,3.0099302922827,0.100353038010397,False
956,1.02034581151847,2.09612829730547,3.01701318960185,0.100506803746724,False
957,1.07588845184872,1.93184257164222,2.96038931042786,0.100755792522196,False
958,0.997850439106762,1.98179823765596,3.01465111615491,0.094969279249608,False
959,1.05309604259254,1.94993531993321,2.9728987178746,0.10020394246334,False
960,0.928385975454996,2.07066104854292,3.02197376599298,0.101710035131078,False
961,1.06672307723297,2.01434681437793,2.99815021898381,0.097680541619136,False
962,0.971071114372945,1.97087849694116,2.99232459260286,0.097598069432825,False
963,0.966021417687936,2.04403516265282,2.9919348252321,0.103720005614484,False
964,0.958500588468269,1.99052120997223,2.97751798201056,0.102517580741535,False
965,1.00553154728788,2.05378411187191,2.95321124411473,0.099716026951499,False
966,1.05106096871103,2.04889355319864,2.97533574944146,0.098649508016013,False
967,0.971352934353133,2.06239197986923,2.96855541753467,0.101601163417452,False
968,1.0005013510114,2.00621852171578,3.02101530862626,0.097372975022243,False
969,0.956653839887798,1.96131532394061,2.99575959772961,0.100991503033802,False
970,1.0243538272944,2.06705761912243,2.98911417192523,0.106064106607971,False
971,1.11568249347334,1.97873487877647,2.98262754679558,0.101686104101178,False
972,0.954132027373098,1.94374942582292,3.00736212851419,0.102019668888312,False
973,1.00315969252008,1.91435465660814,3.05869103106763,0.095011018495125,False
974,1.03312236488973,1.93480496843292,3.00625949549765,0.094610607481884,False
975,1.02005640208613,2.02489971969497,3.00254749248682,0.09812575720538,False
976,0.947146065236731,1.98891287614318,2.98130009558792,0.102311120046721,False
977,1.01912524899544,2.07092783181867,2.94936752708078,0.095453683134617,False
978,1.01042928519971,1.97435246495726,3.02286742720185,0.095702538912762,False
979,0.955441428267265,1.92605717932537,2.96945044272598,0.09971516556886,False
980,1.06992452018396,2.08422610674722,2.98521963977696,0.093357348983091,False
981,1.02747695827235,1.98734690543473,2.99526840421766,0.104355634067047,False
982,0.978566049734096,1.90692922981344,3.09513097884392,0.102569092934063,True
983,1.01294278603161,2.00652318472659,3.00529693667582,0.104148592168062,False
984,1.03766370920518,2.07763242091476,3.02119120434138,0.096371188764561,False
985,0.999701867216024,1.96997835184412,3.02712703931241,0.097625186116909,False
986,0.967737873846672,2.04515513286255,2.94515350901682,0.101660679119028,False
987,0.982781381538739,2.01173003638645,2.97308796856415,0.101655954938852,False
988,0.955951137821924,2.01155891616994,3.00986441484735,0.102828286612061,False
989,0.974919026772377,2.02538110694286,3.03812874091791,0.098769031564736,False
990,1.02658936259841,2.0326561529212,3.006967059228,0.096890797584279,False
991,0.928409141404746,2.01878190636057,3.02440208485288,0.093179924326176,False
992,0.995058192418338,1.88695186720311,3.04205752797305,0.100289395333337,True
993,0.979403255831431,1.96802877438871,2.98690441802871,0.109037054254446,False
994,0.992362052958093,1.99372046163571,3.02789623398939,0.103586580483567,False
995,1.01318038363216,2.07578796505715,3.0250889673987,0.103755105663506,False
996,1.00859089050017,1.9569589957094,2.96906001443634,0.092319858371768,False
997,0.987505206666851,2.02013727979756,2.99421587313251,0.098031884090545,False
998,1.02116340957631,2.07988499200181,2.98700675154957,0.100798336948326,False
999,1.0473654022668,2.03975066021632,2.95776998833004,0.099523648780994,False
1000,1.00858223553408,2.08036227858936,3.0059639104281,0.108938990193139,False
